songId,userName5934164,Michael_Howell
2620054,Ariel.Windler
4630938,Alana_Toy
415581,Diego16
8929275,Harvey.Walker
8335689,Gennaro77
2870090,Albina9
982235,Alanna39
1363318,Bette_DAmore17
5650909,Orion_Tromp
227432,Boris63
648550,Mavis.Kilback80
8084313,Lazaro24
2972160,Art87
1118093,Lucile.Parker
5387058,Opal_Purdy
4701740,Camille_Stanton65
337549,Berniece.Hudson
8346360,Winifred.Marquardt
2119128,Mohamed.Hilll
6707910,Ida_Jenkins47
6943088,Dameon.Mann37
5859553,Kamille_Turner1
3421397,Daryl_Kilback2
8803234,Lilyan.Runolfsson
4821232,Vance45
7371883,Adolphus_Hessel27
6153793,Jonathon.Quitzon1
5603726,Trycia.Olson
6549412,Florencio.Block
8742244,Zane.Kuphal5
9450025,Eulalia48
3891462,Rudy.Mertz
5179747,Bert6
4951836,Arlie.Gaylord42
372169,Doris.Keeling47
4941502,Burdette99
9169884,Timmothy_Kerluke64
4400804,Dora19
2900410,Breana_Abernathy81
9945393,Dameon.Toy
9335252,Zoila_Brakus
6421044,Helga78
3075974,Hermina_Spinka
7528791,Carter.Boyle94
2986612,Jordi.Nader
3276962,Elvie_Harber53
5393207,Orion_Tromp
8010259,Velda24
7353637,Garnet_Greenholt35
4227627,Jaqueline.Runolfsdottir
16628,Ahmed_Sipes17
6228883,Pietro_DAmore
6795190,Rosie20
4785577,Wiley.Reichert
316387,Elvie_Harber53
5499221,Rupert.Funk
7734724,Madisen_Crona73
1776294,Mariana94
4880621,Ima_Kovacek77
7705769,Dora19
683133,Zelma72
8050676,Jordi.Nader
2364793,Alec_Bailey50
2407567,Earlene42
293224,Pietro_DAmore
3639297,Terence17
3455933,Clotilde71
2171093,Easter41
963153,Davin.Schmeler
2947780,Matt72
1086380,Vivian.Mertz
9263155,Enola.Lueilwitz51
8861663,Dominique60
6661476,Frederick_Nader
3548509,Toni1
2610266,Annette_Maggio3
2503192,Rico.Ruecker
6577711,Katharina_Jacobson97
809092,Jovani_Hamill37
8319647,Jerod_Herzog97
6361431,Lisette_Heaney
5009505,Dedrick34
984752,Deon87
9892550,Dameon.Mann37
763780,Kennedy.Koch24
223376,Cole_Wyman
8363090,Erika74
595957,Ottis_Cummings11
2640760,Chad_DuBuque58
5872412,Gilbert.Block55
409192,Delbert27
3090701,Lance_Deckow5
92443,Greta_Stamm
5153959,Jerod81
3421315,Santina_Davis
4844048,Winifred.Marquardt
7655552,Guadalupe3
8862104,Zoie_OConnell20
3480023,Gaetano43
